id_student,id_race,name,email,gender,address
1,2,Norene Fluger,nfluger0@sourceforge.net,F,4513 8th Place
2,4,Babs Sivior,bsivior1@ihg.com,M,05 Mcguire Alley
3,10,Yulma Measom,ymeasom2@kickstarter.com,F,21231 Caliangt Place
4,8,Dasie Lotherington,dlotherington3@google.co.uk,F,6197 Evergreen Court
5,3,Conway Drydale,cdrydale4@businesswire.com,M,2646 Maple Wood Park
6,3,Kaile Beckhurst,kbeckhurst5@zdnet.com,M,07 Welch Hill
7,1,Moyra Shuter,mshuter6@usda.gov,M,4705 Prairie Rose Avenue
8,1,Sela McFeate,smcfeate7@sogou.com,M,18177 Holy Cross Place
9,9,Devan Girardengo,dgirardengo8@cocolog-nifty.com,F,78669 Dottie Avenue
10,5,Katie Winckworth,kwinckworth9@php.net,F,843 Grasskamp Junction
11,10,Sharla Gidney,sgidneya@scribd.com,M,2589 Iowa Park
12,8,Danella Babonau,dbabonaub@paginegialle.it,F,42378 Mitchell Plaza
13,5,Joby Torrijos,jtorrijosc@canalblog.com,F,94562 Onsgard Terrace
14,2,Norbie Masi,nmasid@godaddy.com,F,2 Forest Run Road
15,6,Joelie Alliberton,jallibertone@alexa.com,M,9 Donald Terrace
16,3,Grata Aspinwall,gaspinwallf@cpanel.net,F,676 Memorial Avenue
17,7,Leonid Wales,lwalesg@quantcast.com,M,654 Elgar Park
18,9,Adelle Spafford,aspaffordh@cbslocal.com,M,4260 Jenifer Way
19,6,Georas Swatradge,gswatradgei@engadget.com,M,36 Ridge Oak Alley
20,2,Philippine Vaney,pvaneyj@webmd.com,F,267 Corscot Plaza
21,8,Alameda Beedon,abeedonk@oakley.com,M,92251 Bluestem Trail
22,4,Wernher Wornham,wwornhaml@theatlantic.com,M,9 Spohn Trail
23,3,Webster Levick,wlevickm@noaa.gov,M,207 Red Cloud Point
24,10,Sarita Allibon,sallibonn@hp.com,M,3 Ohio Junction
25,4,Federico Soden,fsodeno@deviantart.com,F,07083 Thierer Terrace
26,4,Doralia Mingame,dmingamep@symantec.com,F,14038 Dapin Point
27,10,Husain Nelsen,hnelsenq@dmoz.org,F,6852 Clove Court
28,9,Selia Goudge,sgoudger@barnesandnoble.com,M,31995 Goodland Alley
29,3,Bettye Goodenough,bgoodenoughs@house.gov,M,9321 Michigan Parkway
30,5,Annie Crolly,acrollyt@google.com.hk,F,17636 Riverside Terrace
31,4,Alisun Clifton,acliftonu@4shared.com,F,472 Truax Alley
32,3,Darryl Johansen,djohansenv@miitbeian.gov.cn,M,22 Steensland Way
33,7,Aloysia Beedon,abeedonw@sitemeter.com,F,0106 Killdeer Center
34,6,Nikki Silcocks,nsilcocksx@netscape.com,M,4 Ridge Oak Junction
35,7,Bobina Yabsley,byabsleyy@mac.com,F,9 Independence Point
36,10,Benoit Okenden,bokendenz@moonfruit.com,F,676 Basil Hill
37,6,Erinn Sidaway,esidaway10@reverbnation.com,M,35 Twin Pines Pass
38,3,Lenna Hurtic,lhurtic11@bizjournals.com,F,53 Evergreen Point
39,6,Dougy Phinnessy,dphinnessy12@state.tx.us,M,0220 Brickson Park Crossing
40,3,Ilene Ansteys,iansteys13@umn.edu,M,901 Ilene Street
41,9,Claus Jarret,cjarret14@umich.edu,M,3087 Sachs Junction
42,9,Efrem Andrichuk,eandrichuk15@adobe.com,F,8 Fairfield Drive
43,6,Amberly Fortye,afortye16@bbb.org,M,18 American Hill
44,8,Boigie Murton,bmurton17@scientificamerican.com,F,28053 Main Terrace
45,9,Adelaide Banton,abanton18@ucsd.edu,F,58375 Meadow Ridge Road
46,9,Buddy Atteridge,batteridge19@pinterest.com,F,8 Cascade Crossing
47,6,Judd Falck,jfalck1a@stumbleupon.com,M,00 Lukken Center
48,4,Kay Hearson,khearson1b@list-manage.com,M,475 Fuller Avenue
49,10,Itch Tym,itym1c@cdbaby.com,F,79708 Fallview Center
50,8,Rube Wernham,rwernham1d@linkedin.com,M,2 Kingsford Drive
51,2,Lorrie Thurstan,lthurstan1e@admin.ch,F,7671 Eastlawn Junction
52,6,Jolee D'orsay,jdorsay1f@chicagotribune.com,M,5794 Westport Circle
53,1,Deonne Rodson,drodson1g@xrea.com,M,97 Corben Plaza
54,4,Desmund Deer,ddeer1h@ftc.gov,F,7 Holmberg Place
55,1,Maryjo Arkil,markil1i@auda.org.au,F,91115 Monument Junction
56,3,Siffre Joberne,sjoberne1j@artisteer.com,F,83 Northland Court
57,5,Lane Stempe,lstempe1k@noaa.gov,F,08 Rutledge Park
58,6,Inglis Hallgalley,ihallgalley1l@acquirethisname.com,F,79 Fisk Court
59,7,Hewe Paddeley,hpaddeley1m@soundcloud.com,F,60135 Hanson Terrace
60,10,Betta Orsay,borsay1n@printfriendly.com,M,79451 Mitchell Road
61,10,Gustav Draisey,gdraisey1o@sohu.com,F,083 Menomonie Road
62,10,Toby Colisbe,tcolisbe1p@g.co,F,28 Luster Center
63,6,Cameron MacAnellye,cmacanellye1q@timesonline.co.uk,M,7360 Lerdahl Parkway
64,10,Gwenni Shyram,gshyram1r@bloglovin.com,M,7009 Claremont Plaza
65,9,Ruthy Colaton,rcolaton1s@uiuc.edu,F,01131 Stuart Trail
66,3,Audrey Redwall,aredwall1t@bloglovin.com,F,1172 Thompson Street
67,6,Herb Middlebrook,hmiddlebrook1u@shareasale.com,M,8166 Di Loreto Road
68,9,Shel Elmhirst,selmhirst1v@buzzfeed.com,F,55 Meadow Valley Center
69,3,Ana Jansik,ajansik1w@blogspot.com,F,24 Trailsway Drive
70,8,Honey Gianetti,hgianetti1x@time.com,F,333 Heath Pass
71,5,Freddy Newall,fnewall1y@imgur.com,M,65 Florence Circle
72,4,Annecorinne Swarbrigg,aswarbrigg1z@creativecommons.org,M,55 Kedzie Road
73,9,Flinn Greene,fgreene20@ifeng.com,F,5 Golden Leaf Terrace
74,3,Catrina Smedmoor,csmedmoor21@theguardian.com,F,49475 Straubel Trail
75,7,Briney Raisher,braisher22@linkedin.com,F,25321 International Drive
76,8,Melinda Pfaff,mpfaff23@ox.ac.uk,F,9 Morning Circle
77,7,Anne-corinne Neaves,aneaves24@jalbum.net,M,75 High Crossing Road
78,3,Chase Babcock,cbabcock25@hud.gov,F,328 Prentice Hill
79,5,Mariejeanne Sutherley,msutherley26@newyorker.com,M,6 Fremont Avenue
80,9,Cecelia Draayer,cdraayer27@domainmarket.com,M,63397 Welch Parkway
81,2,Sharona Syres,ssyres28@free.fr,M,7230 Schiller Center
82,1,Moishe Julian,mjulian29@vk.com,M,9355 1st Hill
83,4,Sheffy Mengo,smengo2a@seattletimes.com,F,9508 Roth Point
84,1,Liliane Kumaar,lkumaar2b@issuu.com,F,75884 Anhalt Park
85,4,Joane Rojas,jrojas2c@state.tx.us,F,551 Badeau Lane
86,8,Margaux Wapplington,mwapplington2d@exblog.jp,F,05101 Lakewood Point
87,10,Erminie Menat,emenat2e@craigslist.org,F,5532 Mayer Lane
88,6,Corbie Tracy,ctracy2f@opensource.org,M,86230 Sugar Point
89,2,Seymour Kynforth,skynforth2g@odnoklassniki.ru,F,322 Oak Avenue
90,5,Rena Plowman,rplowman2h@reuters.com,M,39 Sommers Drive
91,9,Ashlan Keach,akeach2i@qq.com,F,79044 Elgar Parkway
92,7,Martha Sheldon,msheldon2j@networkadvertising.org,F,78 Village Point
93,1,Allie Southers,asouthers2k@biglobe.ne.jp,F,6 Meadow Ridge Way
94,8,Charmaine Frowen,cfrowen2l@blogs.com,F,95019 Heath Parkway
95,6,Walker Sinderson,wsinderson2m@un.org,F,33 Warrior Park
96,1,Lennard Brownstein,lbrownstein2n@deviantart.com,F,01 Gale Lane
97,1,Valaria Leamon,vleamon2o@smh.com.au,F,8 Basil Center
98,3,Karon Uebel,kuebel2p@parallels.com,M,83789 Porter Alley
99,10,Arley Bagby,abagby2q@bloomberg.com,M,54502 Golden Leaf Parkway
100,9,Sibley Joynson,sjoynson2r@is.gd,M,44 Eggendart Center
101,10,Roshelle Mattea,rmattea2s@bing.com,F,72968 Sunnyside Place
102,3,Gustav Huggard,ghuggard2t@narod.ru,M,3 Ramsey Way
103,8,Drona Redwall,dredwall2u@google.ca,F,342 Eagan Avenue
104,9,Violette Leary,vleary2v@purevolume.com,F,4 Lakewood Gardens Trail
105,9,Billie Delacroux,bdelacroux2w@digg.com,M,97 Trailsway Road
106,7,Ara Kettlesing,akettlesing2x@cpanel.net,F,359 Hazelcrest Way
107,5,Leoine Cowans,lcowans2y@homestead.com,M,68750 Clemons Park
108,6,Lynn Gawler,lgawler2z@bloglines.com,F,13 Rusk Circle
109,7,Tremain Janz,tjanz30@pbs.org,M,38 Moose Street
110,8,Morrie Burgill,mburgill31@networkadvertising.org,M,5655 Bayside Terrace
111,5,Ranee Wards,rwards32@epa.gov,M,29 Division Hill
112,7,Clementius Glowacki,cglowacki33@sakura.ne.jp,F,00 Portage Lane
113,2,Tedda Lathom,tlathom34@nydailynews.com,F,9 Butterfield Crossing
114,5,Lissa Merriday,lmerriday35@jigsy.com,F,248 Waxwing Center
115,9,Kamillah Brydson,kbrydson36@ebay.co.uk,M,6 Onsgard Hill
116,4,Melitta Abilowitz,mabilowitz37@ocn.ne.jp,F,7204 Cherokee Avenue
117,6,Karna Meaden,kmeaden38@gmpg.org,M,09205 Sutteridge Hill
118,7,Enoch Phoebe,ephoebe39@taobao.com,F,6589 Northport Alley
119,8,Darren Acuna,dacuna3a@economist.com,M,09 Bultman Drive
120,10,Dacie Matanin,dmatanin3b@biglobe.ne.jp,F,3463 Iowa Court
121,9,Mabel McCabe,mmccabe3c@drupal.org,M,3 Toban Drive
122,4,Babbie Leppington,bleppington3d@last.fm,M,614 Oriole Park
123,8,Sayers Jimmes,sjimmes3e@theglobeandmail.com,M,6220 Luster Crossing
124,9,Anabal Ahmed,aahmed3f@seesaa.net,M,40 Bartillon Court
125,9,Paula Stollberger,pstollberger3g@icio.us,F,2511 Farmco Trail
126,3,Lanette Mompesson,lmompesson3h@creativecommons.org,M,36 Darwin Place
127,5,Joby Verdy,jverdy3i@admin.ch,M,1844 Dorton Parkway
128,1,Chad Bracer,cbracer3j@wisc.edu,M,54545 Schmedeman Hill
129,7,Lonni Kiernan,lkiernan3k@marriott.com,M,56903 Waywood Center
130,10,Zelda Mustin,zmustin3l@blog.com,M,2735 Luster Place
131,8,Camellia Dunbar,cdunbar3m@goo.gl,M,3835 Russell Plaza
132,6,Brit Massingham,bmassingham3n@so-net.ne.jp,M,21818 Vidon Way
133,7,Karee Dohrmann,kdohrmann3o@walmart.com,F,280 Village Green Trail
134,5,Gabi Georgins,ggeorgins3p@bbc.co.uk,F,61599 Morning Point
135,6,Wright Degoix,wdegoix3q@sun.com,M,74427 Lien Point
136,7,Portia Piddletown,ppiddletown3r@nifty.com,M,2 Sunbrook Hill
137,6,Felix Sharpling,fsharpling3s@miibeian.gov.cn,F,32 Trailsway Lane
138,9,Lavina Hallward,lhallward3t@tuttocitta.it,F,450 Green Plaza
139,2,Inesita Middleweek,imiddleweek3u@pinterest.com,F,0 Northwestern Avenue
140,9,Murvyn MacFall,mmacfall3v@dmoz.org,F,366 Evergreen Way
141,8,Evangeline Christer,echrister3w@networksolutions.com,F,17 Bayside Road
142,10,Aristotle Bonnick,abonnick3x@artisteer.com,M,907 Judy Way
143,10,Antonetta La Croce,ala3y@google.es,M,8 Bay Parkway
144,2,Torrin Tallon,ttallon3z@vinaora.com,M,96 Hallows Trail
145,7,Chickie Angus,cangus40@mysql.com,F,82521 Delladonna Drive
146,4,Adorne Dunnet,adunnet41@fastcompany.com,F,5 Hansons Alley
147,6,Trina Methringham,tmethringham42@rediff.com,M,0 Melody Hill
148,9,Ebba Mews,emews43@cyberchimps.com,M,4 Muir Street
149,9,Ricky Coots,rcoots44@artisteer.com,M,996 Pearson Street
150,1,Barnaby Bushell,bbushell45@miitbeian.gov.cn,F,93 Anhalt Terrace
151,10,Duffy Beazleigh,dbeazleigh46@bizjournals.com,M,03784 Katie Place
152,2,Rosita Ginty,rginty47@theguardian.com,M,9340 Drewry Street
153,9,Hal Nattriss,hnattriss48@typepad.com,M,72 Badeau Court
154,6,Mair Kembery,mkembery49@chron.com,M,443 Macpherson Place
155,4,Karen Emnoney,kemnoney4a@biglobe.ne.jp,F,53300 Sherman Hill
156,9,Juieta Ramsier,jramsier4b@soundcloud.com,F,460 Namekagon Avenue
157,10,Onfroi Mewha,omewha4c@apache.org,M,884 Mallory Road
158,10,Saunders Eyree,seyree4d@artisteer.com,F,9151 Lotheville Drive
159,7,Kakalina Ballingal,kballingal4e@yellowbook.com,M,512 Oak Terrace
160,8,Guglielmo Ivanov,givanov4f@bandcamp.com,M,054 Rigney Circle
161,7,Brucie Mattheis,bmattheis4g@bbc.co.uk,M,06503 Meadow Valley Road
162,1,Angel Fruin,afruin4h@goo.gl,M,25 Lukken Park
163,7,Sloane Million,smillion4i@sciencedaily.com,F,1000 Talisman Drive
164,4,Essy Glassup,eglassup4j@opera.com,F,923 Moulton Drive
165,4,Christal Whittier,cwhittier4k@google.it,M,27 Garrison Place
166,7,Cesaro Cleaves,ccleaves4l@bloglovin.com,M,3430 Dunning Place
167,8,Jenifer Gadman,jgadman4m@youtube.com,M,6 Walton Park
168,2,Camilla Lambell,clambell4n@redcross.org,M,0776 7th Terrace
169,7,Raphaela Bairstow,rbairstow4o@t.co,M,587 Fordem Lane
170,10,Lorianne Weaver,lweaver4p@kickstarter.com,M,0320 Farwell Trail
171,5,Con Groucutt,cgroucutt4q@google.com.au,M,2 Northland Terrace
172,2,Marja Greet,mgreet4r@nhs.uk,M,1608 Troy Plaza
173,5,Cesar Antoszczyk,cantoszczyk4s@deliciousdays.com,M,6226 Thompson Drive
174,4,Zaria Dimont,zdimont4t@guardian.co.uk,F,86240 Colorado Trail
175,8,Thurstan Bowdrey,tbowdrey4u@cmu.edu,M,10573 Bunting Pass
176,3,Reyna Quadling,rquadling4v@upenn.edu,M,3250 Anzinger Pass
177,6,Alyse Lammerding,alammerding4w@photobucket.com,M,7 Lakewood Terrace
178,10,Rodrigo Johnson,rjohnson4x@newyorker.com,F,0 Golden Leaf Way
179,2,Codie Sidworth,csidworth4y@github.io,M,9 Ludington Pass
180,4,Annamarie Valens-Smith,avalenssmith4z@answers.com,M,485 American Terrace
181,10,Clementina Cumpsty,ccumpsty50@admin.ch,M,75 Russell Circle
182,7,Alexa Presslie,apresslie51@sourceforge.net,F,60 Veith Street
183,1,Kit Dand,kdand52@reuters.com,F,4 Elka Pass
184,2,Hort Plumtree,hplumtree53@booking.com,F,184 Larry Street
185,1,Lazaro Ridwood,lridwood54@toplist.cz,F,1 Bartillon Drive
186,3,Olivie Dickon,odickon55@tripadvisor.com,M,6 Warrior Road
187,9,Patricio Petcher,ppetcher56@berkeley.edu,M,1 Waxwing Pass
188,1,Ardys Ince,aince57@theatlantic.com,F,550 Stephen Terrace
189,1,Karisa Loraine,kloraine58@themeforest.net,F,47143 Golf Course Drive
190,4,Wilbert O'Hagirtie,wohagirtie59@nhs.uk,M,4 Mallory Parkway
191,10,Vanni Butterfill,vbutterfill5a@mit.edu,F,29 Drewry Alley
192,1,Hanny McKimmey,hmckimmey5b@prlog.org,F,9 Katie Plaza
193,3,Byrom MacKintosh,bmackintosh5c@unblog.fr,M,5 Sherman Way
194,1,Melita Collumbell,mcollumbell5d@zimbio.com,F,9171 Sommers Park
195,1,Eddy Mangon,emangon5e@pcworld.com,M,29754 Karstens Circle
196,4,Benita Francombe,bfrancombe5f@altervista.org,F,8 Golf View Crossing
197,7,Niall Cumes,ncumes5g@ihg.com,F,228 Lotheville Alley
198,3,Diahann Cannings,dcannings5h@ca.gov,F,02618 Hudson Crossing
199,6,Clarabelle Bibey,cbibey5i@si.edu,F,4491 Gale Alley
200,5,Neda Dies,ndies5j@google.com.hk,M,7752 Village Green Way
201,3,Kinnie Piggens,kpiggens5k@uol.com.br,M,4 Loftsgordon Plaza
202,2,Audra Larenson,alarenson5l@tinyurl.com,M,2480 Fallview Crossing
203,9,Curt Barnard,cbarnard5m@google.it,F,7324 Mockingbird Park
204,3,Taddeo Frantz,tfrantz5n@statcounter.com,M,4 Rockefeller Way
205,1,Derby Rzehorz,drzehorz5o@dot.gov,F,420 Dwight Park
206,7,Baryram Perring,bperring5p@tiny.cc,F,4033 Packers Crossing
207,2,Jo-anne Galland,jgalland5q@myspace.com,M,7 Del Mar Avenue
208,3,Milka Bate,mbate5r@google.com,F,53428 Bobwhite Plaza
209,6,Kristos Renackowna,krenackowna5s@miibeian.gov.cn,F,941 Hooker Junction
210,1,Cordie Hof,chof5t@surveymonkey.com,M,3693 Jana Lane
211,1,Berna Morrall,bmorrall5u@diigo.com,M,9 Melrose Way
212,1,Virgilio Zahor,vzahor5v@biglobe.ne.jp,M,7 Park Meadow Place
213,9,Lanie Rawsthorn,lrawsthorn5w@narod.ru,M,2 Southridge Point
214,6,Erroll Wadman,ewadman5x@chicagotribune.com,F,7817 Manitowish Center
215,6,Care Carneck,ccarneck5y@engadget.com,M,8042 Knutson Hill
216,9,Chris Hassen,chassen5z@sohu.com,F,8 Hintze Trail
217,1,Josiah Kane,jkane60@biglobe.ne.jp,M,68 Lotheville Crossing
218,3,De witt Gagin,dwitt61@scientificamerican.com,F,80 Lake View Point
219,8,Mellisent Storks,mstorks62@dyndns.org,F,268 Carey Avenue
220,10,Silvana Aspell,saspell63@yolasite.com,F,3 Golden Leaf Alley
221,5,Lizette Gash,lgash64@senate.gov,M,8 Doe Crossing Hill
222,10,Winfield McIlroy,wmcilroy65@storify.com,M,7 Crowley Way
223,5,Arni Ashenhurst,aashenhurst66@ocn.ne.jp,F,23336 Pepper Wood Hill
224,8,Augustine Crottagh,acrottagh67@amazonaws.com,M,71 Dayton Junction
225,8,Ulberto McNeill,umcneill68@uol.com.br,F,34969 Scott Drive
226,7,Kalina Miskimmon,kmiskimmon69@barnesandnoble.com,F,6741 Cordelia Avenue
227,4,Lenette Hertwell,lhertwell6a@wikimedia.org,M,65 Cody Center
228,4,Karel Tellett,ktellett6b@drupal.org,M,96932 Coolidge Terrace
229,10,Lesley Foulger,lfoulger6c@google.de,M,24 Rusk Trail
230,9,Maryann Sincock,msincock6d@google.co.jp,F,37991 Eastwood Place
231,6,Kathi Batt,kbatt6e@reverbnation.com,M,9802 Killdeer Road
232,7,Marlane Palatini,mpalatini6f@irs.gov,M,55841 Kensington Pass
233,10,Zola Sainsberry,zsainsberry6g@skype.com,F,01 Farwell Lane
234,4,Jodi Chater,jchater6h@webnode.com,M,64256 Johnson Pass
235,6,Florance Scandrite,fscandrite6i@vinaora.com,M,6643 Monument Place
236,3,Verge Leist,vleist6j@sphinn.com,F,814 Saint Paul Hill
237,1,Brandy Bradlaugh,bbradlaugh6k@google.com.br,M,21 Pine View Trail
238,8,Clim Yeardley,cyeardley6l@google.cn,M,82 Paget Pass
239,2,Germaine Kennermann,gkennermann6m@liveinternet.ru,M,667 Larry Center
240,3,Kristine Pickin,kpickin6n@arstechnica.com,F,6863 Old Shore Junction
241,2,Forbes Bruun,fbruun6o@etsy.com,F,05328 Rowland Alley
242,9,Bibbie Workman,bworkman6p@cloudflare.com,M,3 Reindahl Way
243,3,Cara Vice,cvice6q@businessweek.com,M,37 Schurz Place
244,3,Nicolette L' Estrange,nl6r@youtube.com,M,7 Bartelt Point
245,5,Zelig MacLeese,zmacleese6s@prlog.org,M,769 Weeping Birch Center
246,2,Roberto Poulden,rpoulden6t@telegraph.co.uk,M,6 Rusk Junction
247,3,Kelcey Becconsall,kbecconsall6u@bloomberg.com,F,77 Oriole Plaza
248,3,Patrizia Simonnet,psimonnet6v@yandex.ru,F,4529 Toban Lane
249,8,Sylvan Titmus,stitmus6w@flavors.me,F,61 Schmedeman Terrace
250,4,Mahalia Purches,mpurches6x@addtoany.com,M,5908 Hanover Place
251,10,Emelda Ferdinand,eferdinand6y@exblog.jp,F,92 Crest Line Circle
252,10,Willie Duffree,wduffree6z@gov.uk,F,76468 Clove Hill
253,1,Bernardo Middle,bmiddle70@mail.ru,F,2563 Larry Road
254,5,Ailee Bramham,abramham71@nymag.com,M,7389 Helena Circle
255,10,Lindi Alves,lalves72@about.com,M,0564 Badeau Place
256,4,Phillipp Glendza,pglendza73@tuttocitta.it,F,1 Daystar Parkway
257,6,Biron Leatt,bleatt74@dagondesign.com,M,98788 Brown Circle
258,8,Nolana Easey,neasey75@toplist.cz,F,4 Di Loreto Road
259,10,Kristyn Bauduin,kbauduin76@jugem.jp,M,3 Lindbergh Park
260,8,Krystal Chevalier,kchevalier77@comcast.net,F,3920 Springs Park
261,6,Worthington Brosio,wbrosio78@merriam-webster.com,M,3594 Steensland Alley
262,7,Trenton Neeve,tneeve79@twitter.com,M,4637 Orin Place
263,3,Rani Neve,rneve7a@altervista.org,M,9 Rusk Drive
264,6,Meier Doxey,mdoxey7b@friendfeed.com,M,58 Bashford Circle
265,4,Hasty Spurge,hspurge7c@google.com.au,F,71 David Lane
266,8,Mathew Heims,mheims7d@github.io,F,1 Everett Court
267,4,Gertrud Skaif,gskaif7e@digg.com,M,65248 Village Green Hill
268,6,Gussy Medlar,gmedlar7f@123-reg.co.uk,F,9540 Pierstorff Drive
269,10,Nickie Latter,nlatter7g@privacy.gov.au,F,10 Onsgard Alley
270,5,Alfons Menlove,amenlove7h@sourceforge.net,F,3488 Northwestern Junction
271,7,Jasun Hutchence,jhutchence7i@wikipedia.org,M,1498 Park Meadow Avenue
272,2,Lionello Britt,lbritt7j@jiathis.com,F,171 Jay Center
273,5,Leupold Caruth,lcaruth7k@wordpress.org,F,4 Mariners Cove Junction
274,7,Selena Mecchi,smecchi7l@4shared.com,F,0590 Corscot Way
275,1,Electra Kuller,ekuller7m@businesswire.com,M,38521 Northwestern Lane
276,4,Dru Chittenden,dchittenden7n@nymag.com,M,39906 Debra Parkway
277,6,Isador Regglar,iregglar7o@spotify.com,M,7 Monica Parkway
278,9,Domini Tibbotts,dtibbotts7p@loc.gov,M,6936 Cascade Park
279,1,Giusto Copestick,gcopestick7q@ow.ly,M,078 Kenwood Drive
280,10,Dasha Richard,drichard7r@cnn.com,F,3 Victoria Circle
281,3,Delphinia Ablitt,dablitt7s@xrea.com,M,435 Reinke Place
282,1,Mellicent Hupe,mhupe7t@csmonitor.com,F,04044 Golf Court
283,7,Johnathon Merali,jmerali7u@amazon.co.uk,M,80 Crowley Way
284,5,Magda Slyford,mslyford7v@squidoo.com,F,103 Hollow Ridge Circle
285,8,Mac Kenzie,mkenzie7w@kickstarter.com,F,8 Mariners Cove Alley
286,7,Frants Lascell,flascell7x@npr.org,M,9 Shasta Place
287,8,Blondell Fydoe,bfydoe7y@drupal.org,F,522 Anzinger Crossing
288,4,Druci Greason,dgreason7z@ucsd.edu,F,07615 Derek Place
289,6,Ferd Piper,fpiper80@cam.ac.uk,F,0637 Eagan Parkway
290,9,Pandora O'Shesnan,poshesnan81@deviantart.com,M,688 Morningstar Court
291,9,Winona Godsal,wgodsal82@weibo.com,M,5 Mockingbird Alley
292,5,Alica Whitaker,awhitaker83@cam.ac.uk,M,6447 Mayfield Street
293,3,Pepita Coomber,pcoomber84@parallels.com,M,38284 Toban Center
294,2,Gibbie Remirez,gremirez85@ucsd.edu,F,28 Buhler Center
295,10,Kienan Mecozzi,kmecozzi86@youku.com,F,41 Hayes Road
296,5,Berte Crutchfield,bcrutchfield87@angelfire.com,F,6072 Bayside Crossing
297,7,Fitzgerald Ginnaly,fginnaly88@bandcamp.com,M,394 Bellgrove Parkway
298,4,Hannah Dudden,hdudden89@wikimedia.org,F,206 Myrtle Trail
299,5,Drew Boxill,dboxill8a@nytimes.com,M,8108 Hazelcrest Parkway
300,2,Vin Thonason,vthonason8b@wix.com,F,4912 Mayfield Crossing
301,2,Stormy Galliard,sgalliard8c@baidu.com,F,0 Bay Street
302,4,Sonnie Goodship,sgoodship8d@msn.com,F,77 Columbus Parkway
303,4,Roderick Schleswig-Holstein,rschleswigholstein8e@is.gd,M,947 Elmside Parkway
304,2,Yorgo Novkovic,ynovkovic8f@macromedia.com,F,805 Golden Leaf Street
305,6,Federico Padly,fpadly8g@phpbb.com,F,86281 Swallow Parkway
306,6,Gertruda Dozdill,gdozdill8h@shop-pro.jp,F,40140 Stoughton Center
307,2,Windy Frake,wfrake8i@godaddy.com,M,62136 Schlimgen Park
308,9,Jude Follet,jfollet8j@dailymotion.com,F,3561 Schmedeman Crossing
309,4,Rainer Scrancher,rscrancher8k@twitpic.com,M,766 Mosinee Hill
310,3,Angie Giacopazzi,agiacopazzi8l@wikimedia.org,M,22372 Starling Terrace
311,9,Alla Filippazzo,afilippazzo8m@github.com,F,841 Commercial Terrace
312,7,Tera Bursnoll,tbursnoll8n@homestead.com,M,2 3rd Place
313,1,Dorree Payn,dpayn8o@sogou.com,M,5220 Debra Lane
314,10,Johnathon Trew,jtrew8p@wix.com,M,66 Ridgeview Place
315,9,Renato Papworth,rpapworth8q@rakuten.co.jp,M,366 Northland Trail
316,4,Jarrett Larvin,jlarvin8r@about.me,M,6 Del Mar Street
317,3,Cassondra Ching,cching8s@statcounter.com,F,21 Commercial Court
318,10,Alikee Malicki,amalicki8t@cafepress.com,F,51 Crescent Oaks Avenue
319,6,Tonnie Fairbanks,tfairbanks8u@cyberchimps.com,M,46936 Nelson Avenue
320,9,Jeana Henaughan,jhenaughan8v@blinklist.com,F,8504 Eastwood Terrace
321,3,Thaddeus Ungerechts,tungerechts8w@bloomberg.com,F,1 Buell Lane
322,7,Sherwood Lanphere,slanphere8x@mail.ru,M,1 Stoughton Avenue
323,8,Ceciley Eggleson,ceggleson8y@dmoz.org,M,45521 Hoard Parkway
324,2,Carlie Lackey,clackey8z@ucla.edu,M,299 Kensington Lane
325,4,Cos Tosdevin,ctosdevin90@google.com.hk,M,6348 Welch Crossing
326,9,Almeria Boor,aboor91@joomla.org,M,29224 Mcguire Hill
327,9,Garek Kenwright,gkenwright92@virginia.edu,M,1318 Larry Point
328,6,Max Barsham,mbarsham93@canalblog.com,M,20 Graceland Park
329,8,Shanta Gathwaite,sgathwaite94@eventbrite.com,F,7 Morrow Lane
330,4,Lorilee Laroze,llaroze95@dion.ne.jp,F,2045 Arizona Circle
331,2,Billie Ready,bready96@answers.com,F,238 Declaration Junction
332,7,Andee Petti,apetti97@edublogs.org,M,0471 Haas Way
333,5,Jerrie Flageul,jflageul98@photobucket.com,F,4139 Independence Circle
334,4,Britt McLenaghan,bmclenaghan99@whitehouse.gov,F,98660 Bunting Pass
335,1,Donavon Giorgielli,dgiorgielli9a@comsenz.com,F,663 Loomis Avenue
336,4,Heall Tassell,htassell9b@economist.com,F,32491 Columbus Road
337,6,Wainwright Gayle,wgayle9c@prlog.org,M,3478 Maywood Pass
338,1,Jillane Lelievre,jlelievre9d@squarespace.com,F,7255 Farwell Junction
339,5,Corbet Whiteside,cwhiteside9e@archive.org,M,54 Meadow Valley Drive
340,4,Elijah Tedman,etedman9f@list-manage.com,M,287 Atwood Street
341,1,Lesli McGurn,lmcgurn9g@bloglines.com,F,659 Stang Road
342,7,Arlyne Staton,astaton9h@symantec.com,M,50 Summer Ridge Center
343,8,Zorana Harbron,zharbron9i@homestead.com,M,17866 Reinke Circle
344,6,Wat Baudin,wbaudin9j@sun.com,M,5723 Randy Park
345,8,Lowrance Hincks,lhincks9k@barnesandnoble.com,M,9795 Graedel Road
346,6,May Ricker,mricker9l@sciencedirect.com,M,142 Melby Point
347,2,Job Sharratt,jsharratt9m@whitehouse.gov,F,9557 Vahlen Drive
348,4,Bertie Farnes,bfarnes9n@wikipedia.org,M,68324 Gale Hill
349,10,Farleigh Smurfitt,fsmurfitt9o@washington.edu,F,07336 New Castle Lane
350,7,Trstram Smerdon,tsmerdon9p@goo.gl,F,40409 Gale Alley
351,8,Skipton Grinval,sgrinval9q@vistaprint.com,M,0 Northland Road
352,9,Maddie Hardcastle,mhardcastle9r@flavors.me,M,404 Merchant Trail
353,1,Amabel Kures,akures9s@angelfire.com,M,60 Onsgard Way
354,5,Zonda Jacobowits,zjacobowits9t@cnbc.com,M,4426 Dawn Pass
355,2,Colas Wightman,cwightman9u@marriott.com,M,363 Boyd Alley
356,6,Ginny Waller,gwaller9v@infoseek.co.jp,M,495 Birchwood Place
357,6,Brande Verrico,bverrico9w@ifeng.com,F,1032 Derek Circle
358,7,Elizabet Doley,edoley9x@over-blog.com,F,102 Hintze Pass
359,6,Tiffani Kisby,tkisby9y@dot.gov,M,3 Golf Course Court
360,2,Olia Nourse,onourse9z@ucsd.edu,M,7 Glacier Hill Parkway
361,2,Pebrook Mapledorum,pmapledoruma0@psu.edu,F,801 Prentice Alley
362,6,Rudolfo Raoult,rraoulta1@illinois.edu,F,6 Utah Center
363,8,Phil Merriton,pmerritona2@meetup.com,M,7831 1st Center
364,10,Renee Ollerhad,rollerhada3@jugem.jp,F,93931 Hazelcrest Road
365,3,Matty Glenn,mglenna4@4shared.com,F,3 Vera Pass
366,1,Bert World,bworlda5@jigsy.com,F,28 Helena Drive
367,3,Kurt Briamo,kbriamoa6@sciencedaily.com,M,2 Shopko Pass
368,9,Sargent Pic,spica7@domainmarket.com,F,135 Prairieview Court
369,6,Cassandre Jennison,cjennisona8@squarespace.com,M,41 Straubel Lane
370,1,Cristi Pringour,cpringoura9@google.cn,M,95 Haas Street
371,2,Rudyard Worsom,rworsomaa@wunderground.com,M,8726 David Junction
372,6,Prescott Pimerick,ppimerickab@surveymonkey.com,M,8 Dennis Lane
373,3,Reynolds Poll,rpollac@gravatar.com,M,85 Fremont Park
374,1,Calhoun Massy,cmassyad@epa.gov,M,755 Columbus Pass
375,1,Lark Hurleston,lhurlestonae@t.co,M,43792 Walton Avenue
376,4,Juliane Cotmore,jcotmoreaf@behance.net,F,683 American Plaza
377,6,Reba Ivashev,rivashevag@rambler.ru,M,98080 Westridge Parkway
378,2,Gerek Thackeray,gthackerayah@bloomberg.com,F,9009 Delaware Place
379,7,Kingston Coyle,kcoyleai@about.me,F,8375 Twin Pines Parkway
380,2,Clarita Danels,cdanelsaj@slideshare.net,M,7 Truax Center
381,7,Richardo Caplen,rcaplenak@wunderground.com,F,8732 Caliangt Circle
382,6,Salaidh Bedwell,sbedwellal@google.it,M,9193 Grasskamp Court
383,1,Agace Schukraft,aschukraftam@edublogs.org,M,7680 Northland Circle
384,10,Izaak Jouen,ijouenan@privacy.gov.au,M,9384 Acker Terrace
385,5,Kyle Grenville,kgrenvilleao@usda.gov,F,345 Westerfield Lane
386,10,Kip Lauga,klaugaap@gov.uk,F,84931 Oxford Way
387,8,Erinn Oldcroft,eoldcroftaq@hc360.com,F,742 Spenser Terrace
388,9,Kellby Oleksiak,koleksiakar@wunderground.com,M,694 Cardinal Trail
389,1,Waylen Phoebe,wphoebeas@indiegogo.com,M,259 Golf View Alley
390,2,Tiffie O'Dwyer,todwyerat@blogtalkradio.com,F,6290 Summit Alley
391,5,Babbette Olijve,bolijveau@mail.ru,F,7 Ridge Oak Center
392,1,Ashly Blann,ablannav@usatoday.com,M,09 Londonderry Junction
393,1,Rolfe Philippon,rphilipponaw@meetup.com,M,62 Dexter Drive
394,3,Garrott Allerton,gallertonax@devhub.com,M,229 Memorial Crossing
395,8,Onfroi Jedryka,ojedrykaay@senate.gov,M,3890 7th Court
396,8,Pearline MacQuarrie,pmacquarrieaz@globo.com,M,1 Clemons Center
397,8,Meyer Pavel,mpavelb0@msu.edu,F,2959 Morrow Street
398,4,Isahella Ludl,iludlb1@yahoo.com,M,71 Nova Street
399,7,Eveleen Hector,ehectorb2@slideshare.net,M,9770 South Hill
400,10,Mischa Blockwell,mblockwellb3@army.mil,F,7 Milwaukee Plaza
401,10,Jojo Twomey,jtwomeyb4@nyu.edu,M,92 Haas Plaza
402,4,Georgia Tomasian,gtomasianb5@businessinsider.com,F,113 Hoffman Plaza
403,4,Matilda Roby,mrobyb6@fastcompany.com,F,3 Lien Junction
404,1,Melesa Trime,mtrimeb7@bing.com,M,14 Center Junction
405,4,Ileane Jorck,ijorckb8@tiny.cc,F,4 Lakewood Lane
406,2,Dela Kelsall,dkelsallb9@freewebs.com,M,1 Onsgard Junction
407,10,Joy Vannet,jvannetba@independent.co.uk,M,8 Evergreen Circle
408,6,Ganny Drever,gdreverbb@examiner.com,M,4016 Manufacturers Place
409,2,Wyn Tisor,wtisorbc@symantec.com,F,13549 Pleasure Terrace
410,3,Flori Kluger,fklugerbd@imageshack.us,F,0645 La Follette Plaza
411,1,Bibbie Coldbathe,bcoldbathebe@blinklist.com,F,070 Charing Cross Court
412,8,Jyoti Merdew,jmerdewbf@cloudflare.com,M,6 David Hill
413,9,Lucie Dennison,ldennisonbg@blogger.com,M,207 Pond Hill
414,3,Nappie Bluett,nbluettbh@ifeng.com,M,09811 Hayes Circle
415,2,Adrienne Morforth,amorforthbi@scientificamerican.com,F,84946 Westend Hill
416,7,Suzy Pemberton,spembertonbj@instagram.com,F,93187 Pepper Wood Hill
417,10,Helene McIntee,hmcinteebk@nydailynews.com,M,0805 Utah Plaza
418,8,Jordan Hurford,jhurfordbl@narod.ru,F,911 Eliot Alley
419,9,Fletch Terzi,fterzibm@mayoclinic.com,F,62085 Monterey Parkway
420,6,Beverie Saturley,bsaturleybn@desdev.cn,F,3 Raven Circle
421,8,Dorian LeEstut,dleestutbo@spiegel.de,M,92879 Algoma Street
422,2,Pam Povey,ppoveybp@printfriendly.com,M,70 Golden Leaf Parkway
423,9,Jacqueline Statham,jstathambq@phpbb.com,F,5778 Stone Corner Crossing
424,7,Marena Lawie,mlawiebr@auda.org.au,M,903 Beilfuss Road
425,5,Robby Lennard,rlennardbs@ebay.co.uk,M,602 Chive Road
426,7,Gipsy Cattrell,gcattrellbt@apache.org,F,1 Trailsway Place
427,1,Kellen Tuffield,ktuffieldbu@wsj.com,F,1 Kenwood Way
428,3,Amalia Yellowlee,ayellowleebv@washingtonpost.com,F,4981 Arrowood Alley
429,7,Westleigh Gayter,wgayterbw@gov.uk,M,36 Loeprich Point
430,10,Lesly Haselup,lhaselupbx@tmall.com,M,83 Weeping Birch Drive
431,5,Betteann Cypler,bcyplerby@clickbank.net,M,8 Morrow Parkway
432,4,Arron Portress,aportressbz@usa.gov,M,557 Buell Plaza
433,9,Jasun Heersema,jheersemac0@imdb.com,M,70 Prairie Rose Hill
434,10,Shannah Terry,sterryc1@chron.com,M,175 Hansons Point
435,10,Anissa Yele,ayelec2@nba.com,F,91686 Bay Street
436,8,Dory Mapham,dmaphamc3@vimeo.com,F,169 Rusk Road
437,3,Ibrahim Frewer,ifrewerc4@umich.edu,M,03803 Hovde Pass
438,7,Waring Duferie,wduferiec5@tumblr.com,F,42 Anthes Avenue
439,10,Sib Lidden,sliddenc6@fotki.com,M,3 Westridge Parkway
440,5,Dory Kybert,dkybertc7@clickbank.net,F,512 Dayton Place
441,9,Arley Dowthwaite,adowthwaitec8@nih.gov,F,50032 Bowman Trail
442,10,Pollyanna Rawes,prawesc9@bluehost.com,M,4855 Mariners Cove Terrace
443,8,Gelya Schaumann,gschaumannca@goo.ne.jp,F,5483 Michigan Avenue
444,5,Alleen Spoole,aspoolecb@simplemachines.org,M,38 Lillian Street
445,5,Joshia Boutflour,jboutflourcc@yelp.com,F,9170 Jackson Road
446,1,Kristien Lusher,klushercd@nyu.edu,M,666 Hooker Drive
447,7,Saloma Wines,swinesce@columbia.edu,F,27134 Manufacturers Road
448,8,Ronnica Ham,rhamcf@so-net.ne.jp,M,94 Truax Place
449,8,Andrey Sieb,asiebcg@ft.com,M,98 Hanover Trail
450,2,Bambie Elesander,belesanderch@prweb.com,M,955 Eggendart Court
451,4,Leighton Lackner,llacknerci@miitbeian.gov.cn,M,4 Beilfuss Junction
452,4,Marlane Raffin,mraffincj@edublogs.org,F,00128 Union Park
453,6,Jania Fley,jfleyck@xrea.com,F,1 Norway Maple Court
454,7,Neville Scimone,nscimonecl@unesco.org,M,3136 Old Gate Junction
455,2,Hugh Trulock,htrulockcm@reddit.com,F,15 Schiller Trail
456,7,Abba Algore,aalgorecn@mysql.com,F,28892 Del Sol Terrace
457,10,Kelvin Perryn,kperrynco@ucoz.ru,F,273 Luster Street
458,1,Maribeth McGairl,mmcgairlcp@weebly.com,F,447 Valley Edge Center
459,1,Terese Trenbey,ttrenbeycq@typepad.com,F,52134 Talisman Road
460,1,Corney Meijer,cmeijercr@globo.com,M,78 School Way
461,9,Leonore Draayer,ldraayercs@bigcartel.com,M,83391 Helena Court
462,10,Fernanda Liversidge,fliversidgect@163.com,M,580 Beilfuss Junction
463,3,Oralee Bassford,obassfordcu@woothemes.com,M,08598 Blaine Lane
464,8,Elana Isgar,eisgarcv@twitpic.com,F,65569 Waywood Court
465,5,Andie Rodger,arodgercw@liveinternet.ru,F,89 Cordelia Hill
466,9,Gabbi Winks,gwinkscx@cargocollective.com,M,3 Lawn Place
467,9,Malina Wiggett,mwiggettcy@google.de,F,2 Anniversary Plaza
468,2,Hew Croxley,hcroxleycz@state.gov,F,0 Raven Avenue
469,5,Zandra Urry,zurryd0@privacy.gov.au,F,882 Esch Lane
470,10,Grant Dockrell,gdockrelld1@histats.com,F,8 Truax Hill
471,10,Itch Noah,inoahd2@vkontakte.ru,F,944 Hansons Place
472,5,Garwood Lafranconi,glafranconid3@bing.com,F,239 Delladonna Crossing
473,5,Mohammed Cundy,mcundyd4@deviantart.com,M,18872 Petterle Pass
474,10,Jaime Peart,jpeartd5@java.com,M,050 Park Meadow Lane
475,8,Cilka Wilkie,cwilkied6@smugmug.com,F,4836 Glacier Hill Parkway
476,7,Brandy Mulvany,bmulvanyd7@reuters.com,F,3157 Summerview Court
477,2,Vannie Kleanthous,vkleanthousd8@oaic.gov.au,F,850 Butterfield Trail
478,5,Jasper Monkley,jmonkleyd9@indiegogo.com,M,239 American Park
479,7,Cale Rickman,crickmanda@typepad.com,F,4500 Summerview Road
480,9,Angel Marquand,amarquanddb@bloglovin.com,M,08185 American Trail
481,3,Malinde Bounds,mboundsdc@mashable.com,F,650 Weeping Birch Point
482,2,Nicolle Rigler,nriglerdd@nymag.com,F,0 Rigney Junction
483,3,Ania Gieves,agievesde@google.com,M,693 Harbort Pass
484,7,Devlen Skepper,dskepperdf@twitter.com,M,43 Mariners Cove Court
485,6,Winona Lamberteschi,wlamberteschidg@bing.com,F,81295 Portage Circle
486,3,Nelia Simonson,nsimonsondh@ocn.ne.jp,M,140 Menomonie Terrace
487,8,Ibrahim Claussen,iclaussendi@wunderground.com,F,451 Park Meadow Circle
488,10,Petey De la croix,pdedj@wufoo.com,M,156 Gateway Street
489,10,Wilt Roze,wrozedk@hibu.com,F,896 Ronald Regan Center
490,8,Dermot Golley,dgolleydl@goo.gl,M,70257 Swallow Terrace
491,4,Rowen Lepope,rlepopedm@edublogs.org,F,5473 Bayside Place
492,10,Cal Paradyce,cparadycedn@aol.com,M,607 Dapin Court
493,2,Meier Denisot,mdenisotdo@cdc.gov,F,1651 Lukken Road
494,5,Sunny Tooley,stooleydp@microsoft.com,M,5188 Twin Pines Crossing
495,7,Sidnee Luckings,sluckingsdq@nba.com,F,9955 School Junction
496,2,Adolpho Morrallee,amorralleedr@webs.com,F,232 Cherokee Plaza
497,9,Bailie Dollard,bdollardds@hatena.ne.jp,M,895 Bonner Park
498,5,Chrissy Pearlman,cpearlmandt@tumblr.com,M,5133 Hansons Court
499,6,Mariele Rhyme,mrhymedu@oaic.gov.au,M,06147 Ohio Park
500,4,Ciro Balcon,cbalcondv@fc2.com,F,9627 3rd Court
501,10,Rivy Prigmore,rprigmoredw@time.com,F,525 Arrowood Hill
502,7,Corby Bram,cbramdx@hostgator.com,M,99 Corben Plaza
503,3,Ruthann Dabes,rdabesdy@washingtonpost.com,F,4 Merry Point
504,1,Clarine Sommerfeld,csommerfelddz@vinaora.com,F,6 Starling Alley
505,6,Hermina Kassman,hkassmane0@123-reg.co.uk,M,61 Debs Junction
506,6,Ignazio Arro,iarroe1@buzzfeed.com,F,876 Jana Road
507,6,Pepe Echlin,pechline2@bbb.org,F,01 Donald Alley
508,4,Dominik Bernardeschi,dbernardeschie3@bravesites.com,M,5 Meadow Valley Pass
509,10,Kyrstin Wilcox,kwilcoxe4@hexun.com,F,151 Brickson Park Drive
510,9,Gradeigh Geke,ggekee5@mozilla.org,M,7417 Bartelt Terrace
511,5,Piotr Gainsford,pgainsforde6@google.pl,F,0 Orin Drive
512,7,Giraud Watmough,gwatmoughe7@constantcontact.com,F,270 Sutteridge Street
513,3,Felicia Spore,fsporee8@gmpg.org,F,246 South Alley
514,10,Delores Divell,ddivelle9@purevolume.com,M,8 Ohio Court
515,1,Tabbie Fruin,tfruinea@instagram.com,F,58 Mosinee Parkway
516,5,Lucho Narramore,lnarramoreeb@printfriendly.com,M,9 Golf View Parkway
517,9,Saunder Melanaphy,smelanaphyec@acquirethisname.com,M,1 Wayridge Court
518,5,Farris Askin,faskined@ucsd.edu,M,84587 Mccormick Junction
519,2,Vonni Petheridge,vpetheridgeee@europa.eu,F,87677 Harper Crossing
520,10,Odessa Easterbrook,oeasterbrookef@mediafire.com,F,83649 Arrowood Avenue
521,5,Aluino Lerway,alerwayeg@reverbnation.com,M,09018 Glendale Lane
522,8,Trueman Rennison,trennisoneh@usatoday.com,M,1678 Tennessee Circle
523,9,Tami Phillcox,tphillcoxei@chronoengine.com,M,270 Sachs Plaza
524,5,Camila Kermit,ckermitej@edublogs.org,M,412 Heffernan Circle
525,7,Kristoffer Leatherborrow,kleatherborrowek@discovery.com,M,2082 Golden Leaf Trail
526,6,Archy Linford,alinfordel@fotki.com,M,3 Summerview Pass
527,9,Carolina Kohlert,ckohlertem@furl.net,F,1935 Forest Center
528,10,Marlene Sambedge,msambedgeen@google.cn,F,66267 Prentice Pass
529,5,Giuseppe Spoward,gspowardeo@cpanel.net,M,27018 Bluejay Street
530,3,Rubie Flatte,rflatteep@1688.com,M,826 Roth Pass
531,8,Wolfy Donwell,wdonwelleq@foxnews.com,M,0132 Killdeer Drive
532,6,Mannie Keightley,mkeightleyer@acquirethisname.com,M,1010 8th Hill
533,8,Pail Nealey,pnealeyes@nasa.gov,F,51062 Charing Cross Parkway
534,10,Junette Skough,jskoughet@reuters.com,M,66188 Anderson Place
535,9,Eduino Millsap,emillsapeu@fc2.com,F,29595 Sunbrook Road
536,6,Carlotta Donoghue,cdonoghueev@ehow.com,F,44 Gerald Hill
537,9,Mel Axel,maxelew@delicious.com,M,85 Bluestem Court
538,8,Gerrilee Oller,gollerex@rediff.com,F,3801 East Pass
539,8,Cherry Keets,ckeetsey@webs.com,F,8 Shoshone Alley
540,10,Edy Willgrass,ewillgrassez@omniture.com,M,8119 Oakridge Point
541,9,Torre Heintzsch,theintzschf0@cloudflare.com,F,81 Golf View Place
542,6,Evita Sallowaye,esallowayef1@gizmodo.com,M,6 Merry Place
543,5,Ginger Locker,glockerf2@t.co,F,23 Arkansas Crossing
544,9,Kareem Chastagnier,kchastagnierf3@purevolume.com,M,6010 Scofield Alley
545,3,Vittorio Luby,vlubyf4@exblog.jp,F,7639 Saint Paul Circle
546,2,Prinz Penas,ppenasf5@businessinsider.com,F,8 Coleman Pass
547,2,Colet Genders,cgendersf6@statcounter.com,M,5944 Coolidge Street
548,4,Albertine Hendrickx,ahendrickxf7@shop-pro.jp,M,07 Emmet Terrace
549,1,Meggi Foulser,mfoulserf8@1688.com,M,3 American Ash Crossing
550,9,Nedi Duffitt,nduffittf9@google.nl,F,416 Jenna Center
551,5,Keefer Lambillion,klambillionfa@icq.com,F,756 Carioca Terrace
552,10,Starlin Kardos-Stowe,skardosstowefb@purevolume.com,F,3 Prentice Hill
553,10,Dory Chaudrelle,dchaudrellefc@w3.org,M,25 Meadow Ridge Point
554,10,Alida Fearnsides,afearnsidesfd@woothemes.com,M,5288 Dayton Alley
555,9,Lukas Keenan,lkeenanfe@ovh.net,F,585 Esch Way
556,8,Etan Janu,ejanuff@google.pl,F,2 Grasskamp Plaza
557,1,Brigitta Howat,bhowatfg@nifty.com,F,0088 Kedzie Road
558,10,Tedi Eouzan,teouzanfh@wp.com,M,1402 Spenser Point
559,9,Maisie Forrest,mforrestfi@unblog.fr,M,76 Golf Course Place
560,8,Tani Geere,tgeerefj@bbc.co.uk,M,3 Mosinee Place
561,6,Stephani Janjusevic,sjanjusevicfk@fastcompany.com,F,9 Cottonwood Crossing
562,4,Dorris Warrier,dwarrierfl@qq.com,F,14 Sutherland Court
563,6,Maia Scurr,mscurrfm@instagram.com,M,88493 Darwin Plaza
564,10,Brittaney Jezard,bjezardfn@istockphoto.com,M,71 Mandrake Trail
565,5,Gerhardine Fine,gfinefo@macromedia.com,M,9 Shasta Way
566,10,Kyrstin Chapier,kchapierfp@amazon.co.uk,M,8903 5th Park
567,5,Dayna Furse,dfursefq@github.io,M,20489 Bashford Avenue
568,7,Harcourt Spikeings,hspikeingsfr@about.me,M,63993 Express Alley
569,2,Mari Jiranek,mjiranekfs@lycos.com,F,4 Center Court
570,6,Ruthe Overill,roverillft@tiny.cc,F,75 Towne Road
571,7,Vladimir Seers,vseersfu@apple.com,F,33 Thompson Center
572,7,Norbert Siccombe,nsiccombefv@loc.gov,M,0 Nelson Point
573,10,Florette Hrinishin,fhrinishinfw@creativecommons.org,M,3568 Spaight Parkway
574,7,Roddie Itzkovich,ritzkovichfx@etsy.com,M,16 Pennsylvania Avenue
575,9,Miguelita Norwell,mnorwellfy@bbb.org,F,9 Gulseth Trail
576,7,Nicol Templman,ntemplmanfz@lulu.com,F,44 Kedzie Place
577,10,Herrick Seagood,hseagoodg0@spiegel.de,F,7 Paget Trail
578,9,Joye Heffernan,jheffernang1@cornell.edu,F,63 Southridge Pass
579,3,Minnaminnie Marnane,mmarnaneg2@macromedia.com,F,72 Everett Drive
580,1,Mechelle Tearney,mtearneyg3@is.gd,F,12863 Mayer Terrace
581,4,Corny Sommerscales,csommerscalesg4@flavors.me,F,1 Duke Parkway
582,9,Robinette Crus,rcrusg5@blog.com,F,1808 Myrtle Court
583,6,Domingo Gange,dgangeg6@whitehouse.gov,M,4 Pine View Place
584,8,Meris Bundock,mbundockg7@cbc.ca,F,1277 Holmberg Place
585,3,Diego Hebble,dhebbleg8@edublogs.org,F,68899 Ronald Regan Place
586,7,Noel Biesterfeld,nbiesterfeldg9@icq.com,F,38045 Hauk Pass
587,9,Kaleena Rosenfield,krosenfieldga@mapquest.com,M,14534 Toban Drive
588,7,Tan Bree,tbreegb@who.int,F,12335 Summit Place
589,1,Roslyn Yeiles,ryeilesgc@cisco.com,M,56268 Reindahl Crossing
590,4,Corine Chesley,cchesleygd@amazon.co.jp,F,835 Laurel Avenue
591,5,Parry Groveham,pgrovehamge@omniture.com,M,3799 Nevada Terrace
592,1,Barn Sipson,bsipsongf@illinois.edu,F,331 Crescent Oaks Road
593,10,Daniela Vaughton,dvaughtongg@stumbleupon.com,F,8508 Farmco Pass
594,7,Horacio Oldroyd,holdroydgh@shareasale.com,M,24 Northridge Plaza
595,7,Mira Antonelli,mantonelligi@nsw.gov.au,F,03431 Artisan Trail
596,9,Whit Larrosa,wlarrosagj@w3.org,F,60545 Talisman Alley
597,5,Harriott Clawley,hclawleygk@dedecms.com,M,49924 Knutson Drive
598,6,Cassie Swafield,cswafieldgl@chron.com,F,4006 Prentice Terrace
599,10,Gladys Juleff,gjuleffgm@webmd.com,F,938 Columbus Lane
600,1,Alejandra Jones,ajonesgn@multiply.com,M,00367 Birchwood Alley
601,2,Jacquetta Leadley,jleadleygo@cnet.com,M,00889 Novick Park
602,4,Marleen Gaythor,mgaythorgp@flavors.me,F,83 Summerview Drive
603,6,Bryant Berling,bberlinggq@prweb.com,F,5 Prairie Rose Point
604,5,Hurleigh Dredge,hdredgegr@quantcast.com,F,7 Macpherson Street
605,8,Wini Daine,wdainegs@geocities.jp,F,27525 Leroy Center
606,7,Edouard Serjeantson,eserjeantsongt@tuttocitta.it,F,596 Aberg Circle
607,10,Kyrstin Wenham,kwenhamgu@time.com,M,8442 Mesta Pass
608,2,Ellen Paddeley,epaddeleygv@ameblo.jp,F,04256 Eggendart Lane
609,7,Shirl Winscom,swinscomgw@gmpg.org,M,37523 Mallory Junction
610,6,Athena Jandel,ajandelgx@woothemes.com,F,80000 Drewry Drive
611,7,Inessa Javes,ijavesgy@vinaora.com,F,33824 Carberry Alley
612,4,Loralyn Wem,lwemgz@unesco.org,F,56 Hazelcrest Terrace
613,8,Rance Selvester,rselvesterh0@freewebs.com,M,6489 Hooker Point
614,10,Cesare Lesly,cleslyh1@exblog.jp,M,45 Sauthoff Road
615,3,Em Rawlinson,erawlinsonh2@amazon.co.jp,F,24 Grayhawk Crossing
616,2,Tristan Summerbell,tsummerbellh3@sakura.ne.jp,M,0 Amoth Parkway
617,7,Isa Bosche,iboscheh4@prweb.com,F,765 Gulseth Road
618,4,Roley Helis,rhelish5@kickstarter.com,F,5406 Brown Lane
619,1,Leona Jeschner,ljeschnerh6@forbes.com,F,073 School Court
620,1,Odetta MacGaughy,omacgaughyh7@imageshack.us,M,101 Dottie Avenue
621,3,Anatol Juett,ajuetth8@uol.com.br,M,8 Gerald Pass
622,8,Bartlet Sarfat,bsarfath9@addtoany.com,M,5453 Dwight Point
623,4,Wynne Greenlees,wgreenleesha@yelp.com,F,7246 1st Point
624,10,Elvin Simpkiss,esimpkisshb@hugedomains.com,F,479 Graceland Lane
625,5,Marvin Barrabeale,mbarrabealehc@phpbb.com,M,6709 Vahlen Way
626,2,Jacquelyn Kain,jkainhd@nbcnews.com,F,2 Pankratz Road
627,2,Homer Limpkin,hlimpkinhe@china.com.cn,F,37535 Del Mar Road
628,1,Tracy Grunguer,tgrunguerhf@yahoo.co.jp,M,797 Forest Court
629,2,Katlin Houdmont,khoudmonthg@ca.gov,M,6 Fieldstone Road
630,6,Archie Schrei,aschreihh@google.com,F,91386 Sachtjen Park
631,2,Deidre Timberlake,dtimberlakehi@nhs.uk,F,85051 Helena Street
632,2,Walker Cliffe,wcliffehj@xinhuanet.com,F,4975 Village Green Trail
633,8,Atlanta Blakey,ablakeyhk@boston.com,M,787 Barnett Point
634,10,Dewain Stone Fewings,dstonehl@php.net,M,669 Becker Terrace
635,1,Lombard Houldey,lhouldeyhm@walmart.com,F,24 Blue Bill Park Court
636,4,Kimbra Hanlon,khanlonhn@miitbeian.gov.cn,M,17 Lighthouse Bay Terrace
637,9,Antoine Farnill,afarnillho@guardian.co.uk,F,0 Hoard Pass
638,3,Meredithe Linder,mlinderhp@canalblog.com,M,0460 Oak Pass
639,7,Brok Boothroyd,bboothroydhq@unc.edu,F,1 Hovde Hill
640,7,Dianna Moreno,dmorenohr@typepad.com,F,22869 Nevada Point
641,5,Dode Mathieu,dmathieuhs@devhub.com,F,356 Killdeer Center
642,8,Hurlee Roads,hroadsht@google.es,M,69 Express Lane
643,6,Korie Wheal,kwhealhu@microsoft.com,M,0 Bunting Circle
644,5,Maddalena McCarlich,mmccarlichhv@addtoany.com,F,163 Spenser Parkway
645,6,Milli Guild,mguildhw@go.com,M,1183 Judy Place
646,8,Suzette Bigg,sbigghx@qq.com,F,14498 Farwell Way
647,4,Bevan Halgarth,bhalgarthhy@dedecms.com,M,3861 Meadow Vale Drive
648,7,Joshuah Gullane,jgullanehz@baidu.com,M,3 Alpine Terrace
649,3,Anthony Parrot,aparroti0@gmpg.org,F,7598 Hauk Park
650,4,Zorana Leman,zlemani1@etsy.com,M,1198 Rockefeller Trail
651,7,Dotti Izzat,dizzati2@elegantthemes.com,M,409 Hazelcrest Terrace
652,3,Jacki MacMillan,jmacmillani3@mail.ru,M,01 Caliangt Lane
653,3,Dalila Casemore,dcasemorei4@sbwire.com,M,591 Mariners Cove Point
654,7,Kayley Leppingwell,kleppingwelli5@parallels.com,F,11 Grim Junction
655,7,Ferrel Swinnard,fswinnardi6@tripadvisor.com,F,619 Hudson Way
656,10,Meghan Lasslett,mlassletti7@a8.net,F,713 Victoria Point
657,2,Lanny Hadwin,lhadwini8@weibo.com,F,2419 Rigney Parkway
658,3,Paulita Scrafton,pscraftoni9@weebly.com,F,80421 Heath Court
659,2,Nydia Gluyas,ngluyasia@webnode.com,M,03057 Independence Hill
660,3,Innis Farnill,ifarnillib@artisteer.com,M,80 Graedel Avenue
661,7,Reilly Threadkell,rthreadkellic@domainmarket.com,M,0161 Kennedy Parkway
662,7,Susan Fullun,sfullunid@ameblo.jp,F,9210 Shopko Alley
663,3,Dasie Libbie,dlibbieie@newyorker.com,F,23 Westport Place
664,10,Adriane Pieche,apiecheif@shutterfly.com,M,2267 Everett Point
665,4,Arlyn Troup,atroupig@amazon.com,M,205 Valley Edge Point
666,3,Dulcea Loveridge,dloveridgeih@cbc.ca,F,2 Weeping Birch Parkway
667,5,Scottie Redmile,sredmileii@tripadvisor.com,M,42820 Merchant Trail
668,4,Christiane Coulthard,ccoulthardij@toplist.cz,M,87089 Pearson Plaza
669,3,Demetris Farlham,dfarlhamik@independent.co.uk,F,02498 Melby Terrace
670,5,Dahlia Ullett,dullettil@zimbio.com,M,9 Eagle Crest Road
671,9,Vivyan Jacobs,vjacobsim@clickbank.net,M,8771 Sherman Way
672,10,Barbabra Backes,bbackesin@mozilla.org,M,618 Michigan Center
673,4,Sarena Janota,sjanotaio@feedburner.com,M,6 Waubesa Hill
674,3,Brynne Enoch,benochip@bizjournals.com,M,3 Northport Parkway
675,6,Chad Jenny,cjennyiq@techcrunch.com,F,99 Cody Lane
676,4,Drucy Linay,dlinayir@samsung.com,M,7 Rigney Center
677,3,Coreen Lighterness,clighternessis@dailymail.co.uk,M,1459 Sage Center
678,2,Pauly Tombs,ptombsit@com.com,M,4483 Manley Circle
679,7,Carey Elks,celksiu@independent.co.uk,F,397 Mariners Cove Park
680,10,Prue Runnalls,prunnallsiv@spiegel.de,F,975 Pepper Wood Junction
681,2,Larry Aslen,lasleniw@unc.edu,M,548 Little Fleur Trail
682,7,Hodge Rollinson,hrollinsonix@networksolutions.com,F,98759 Del Sol Alley
683,8,Lucho Manilow,lmanilowiy@unblog.fr,M,715 Lindbergh Drive
684,10,Odille Hardan,ohardaniz@weibo.com,M,007 Sage Road
685,4,Reamonn McCumskay,rmccumskayj0@cyberchimps.com,F,1 Merrick Terrace
686,2,Luz Turpie,lturpiej1@ovh.net,F,303 Dorton Trail
687,8,Issiah Lambrick,ilambrickj2@hostgator.com,F,38306 Amoth Alley
688,10,Carrie Soff,csoffj3@java.com,M,3 Sachtjen Circle
689,5,Maryjane Bellew,mbellewj4@taobao.com,F,81 Bartillon Place
690,10,Tore Van der Veldt,tvanj5@dailymail.co.uk,M,2 Dennis Plaza
691,2,Roman Murdie,rmurdiej6@ifeng.com,F,2 Glendale Hill
692,3,Georgianne Cain,gcainj7@w3.org,M,4 Blue Bill Park Circle
693,6,Saudra Fresson,sfressonj8@unesco.org,F,9216 Village Green Avenue
694,9,Kizzee Nicholes,knicholesj9@networkadvertising.org,M,023 Ridgeway Place
695,1,Shaylah Blatherwick,sblatherwickja@spotify.com,F,8665 Fremont Trail
696,1,Donielle Hallick,dhallickjb@xinhuanet.com,F,5424 Hoard Street
697,6,Othello Triswell,otriswelljc@techcrunch.com,F,851 Bowman Road
698,4,Den Joscelyn,djoscelynjd@wunderground.com,F,38 Oak Valley Avenue
699,1,Ettie Essam,eessamje@ning.com,M,2 Delaware Avenue
700,3,Giovanni Esselen,gesselenjf@jiathis.com,F,44 Green Terrace
701,3,Hannah Britten,hbrittenjg@rediff.com,F,4605 Browning Plaza
702,7,Emanuele Hadye,ehadyejh@pagesperso-orange.fr,M,83 Longview Circle
703,7,Cullan McAllaster,cmcallasterji@google.com.br,F,47776 Cottonwood Street
704,2,Malina Olifard,molifardjj@tripod.com,F,3 Northfield Park
705,9,Beckie Duding,bdudingjk@taobao.com,M,55 Linden Junction
706,5,Gerri Kneeshaw,gkneeshawjl@last.fm,F,9518 Redwing Court
707,2,Alano Ralls,arallsjm@addthis.com,F,58867 Twin Pines Court
708,7,Kessia Bunworth,kbunworthjn@miitbeian.gov.cn,M,28 Rigney Road
709,2,Inesita Okroy,iokroyjo@google.de,F,076 Sage Plaza
710,9,Charis Matthis,cmatthisjp@mapquest.com,F,50010 Waubesa Lane
711,1,Tabb Sleeman,tsleemanjq@google.de,M,0 Hagan Alley
712,6,Buck Guyonneau,bguyonneaujr@mashable.com,M,50 Summer Ridge Avenue
713,5,Wilone O' Connell,wojs@prlog.org,F,7 Warbler Parkway
714,8,Emile Frangleton,efrangletonjt@boston.com,F,94 Sundown Center
715,9,Audie Clayborn,aclaybornju@trellian.com,M,4 Arapahoe Pass
716,5,Alanna Albasini,aalbasinijv@g.co,F,9 Hoepker Drive
717,4,Krysta Gidney,kgidneyjw@nhs.uk,F,2653 Hanover Circle
718,6,Larry Gaynesford,lgaynesfordjx@gov.uk,M,9 Vermont Hill
719,10,Sidoney Veltman,sveltmanjy@alibaba.com,M,157 Steensland Center
720,4,Clint Skrine,cskrinejz@chronoengine.com,M,3204 Warbler Center
721,2,Aharon Bernardelli,abernardellik0@blogspot.com,F,0581 Jenna Junction
722,5,Maighdiln Snowden,msnowdenk1@google.es,M,17 Graceland Crossing
723,7,Phedra Headon,pheadonk2@ebay.com,F,97 Pepper Wood Avenue
724,2,Wylie Hencke,whenckek3@unc.edu,M,9239 Stang Court
725,5,Melantha Kleinzweig,mkleinzweigk4@house.gov,F,586 Glacier Hill Avenue
726,3,Marve Mussolini,mmussolinik5@ft.com,M,0 Dennis Terrace
727,5,Christan Dalgetty,cdalgettyk6@sciencedaily.com,F,50744 Muir Court
728,1,Padraig Eriksson,perikssonk7@plala.or.jp,M,07 Talisman Terrace
729,9,Willa Aberkirdo,waberkirdok8@mapy.cz,F,7689 Little Fleur Hill
730,3,Dorthea Goforth,dgoforthk9@amazon.co.uk,M,059 Quincy Hill
731,9,Vaughn Pierse,vpierseka@gmpg.org,M,5376 Banding Road
732,6,Norris Blanch,nblanchkb@xrea.com,M,2 Spohn Court
733,5,Phebe Eberlein,peberleinkc@1und1.de,F,3 Charing Cross Hill
734,10,Tabatha Easterby,teasterbykd@dmoz.org,F,12978 Muir Center
735,2,Haze Yeulet,hyeuletke@zdnet.com,F,96 Park Meadow Avenue
736,8,Kathi Pedel,kpedelkf@istockphoto.com,M,71 Goodland Terrace
737,5,Lora Bisset,lbissetkg@amazon.com,F,8 Sage Way
738,10,Case Nutter,cnutterkh@marriott.com,M,930 Delaware Avenue
739,7,Rhea Tomkys,rtomkyski@blogspot.com,M,1782 Lyons Parkway
740,4,Julissa Thring,jthringkj@weibo.com,M,79718 4th Place
741,4,Jamaal Jermey,jjermeykk@booking.com,M,4705 Moose Junction
742,3,Giuditta Fordy,gfordykl@ycombinator.com,M,420 Kinsman Avenue
743,10,Alberta Dovidaitis,adovidaitiskm@tmall.com,F,5800 Grasskamp Alley
744,8,Cris Prangle,cpranglekn@shop-pro.jp,M,970 Marcy Trail
745,5,Jeremie Byrth,jbyrthko@posterous.com,M,40305 Northview Place
746,2,Billie Mayling,bmaylingkp@arstechnica.com,F,7558 Rutledge Circle
747,5,Olenka Dellenty,odellentykq@elegantthemes.com,F,7 Shopko Avenue
748,7,Ranna Pinkard,rpinkardkr@yellowbook.com,M,29574 Erie Street
749,9,Cristine Jochen,cjochenks@tamu.edu,M,52440 Prairieview Court
750,1,Hal Eveque,hevequekt@furl.net,F,3347 Talmadge Court
751,10,Glenine Okeshott,gokeshottku@eepurl.com,F,05410 Rowland Parkway
752,1,Wyatan McDonough,wmcdonoughkv@reuters.com,F,42 Macpherson Way
753,7,Flora Carver,fcarverkw@sitemeter.com,M,27 Independence Alley
754,6,Franzen Phoenix,fphoenixkx@dagondesign.com,M,59 Old Gate Junction
755,1,Gar Gage,ggageky@rakuten.co.jp,F,0272 Hagan Road
756,7,Melina Spurrier,mspurrierkz@smugmug.com,F,76 Sheridan Court
757,1,Lucille Clampett,lclampettl0@weebly.com,M,6 Truax Road
758,2,Laureen Gateman,lgatemanl1@goo.gl,M,1 Sauthoff Trail
759,1,Lianne Orviss,lorvissl2@ow.ly,F,3 Ludington Parkway
760,7,Friederike O'Corhane,focorhanel3@tmall.com,M,701 Randy Avenue
761,9,Duke Pheby,dphebyl4@ovh.net,F,8389 Barnett Street
762,6,Meggie Dollman,mdollmanl5@miibeian.gov.cn,M,4756 Fulton Center
763,6,Winonah Liles,wlilesl6@huffingtonpost.com,F,89208 Southridge Terrace
764,2,Barnie Aylward,baylwardl7@seesaa.net,M,3 Reinke Junction
765,7,Lorettalorna Brizland,lbrizlandl8@cbsnews.com,M,36778 Heath Point
766,1,Berta Megson,bmegsonl9@alibaba.com,F,342 Homewood Way
767,2,Irvin Mallett,imallettla@jalbum.net,F,82454 Corben Drive
768,7,Lorianna Sissel,lsissellb@msn.com,M,1 6th Court
769,5,Ralf Trafford,rtraffordlc@webs.com,F,175 Independence Point
770,2,Abe MacCafferty,amaccaffertyld@nhs.uk,M,1 Basil Alley
771,1,Hamilton Pankhurst.,hpankhurstle@eepurl.com,M,95156 Harbort Hill
772,4,Gherardo Matskiv,gmatskivlf@yahoo.co.jp,M,8 Golf Course Park
773,1,Cam Harron,charronlg@ucsd.edu,M,87791 Kingsford Way
774,7,Elissa Meachem,emeachemlh@hubpages.com,M,77 2nd Trail
775,7,Hilary Littlejohn,hlittlejohnli@latimes.com,F,332 Trailsway Hill
776,4,Olivette Cassam,ocassamlj@angelfire.com,M,5060 Sycamore Pass
777,3,Port Lambersen,plambersenlk@yandex.ru,M,7502 Meadow Valley Park
778,6,Christos Bushill,cbushillll@elpais.com,M,604 Helena Drive
779,4,Sean Cockrell,scockrelllm@yale.edu,F,091 Vahlen Circle
780,2,Millard Hayto,mhaytoln@live.com,M,20 Lunder Alley
781,9,Alvira Peschmann,apeschmannlo@nps.gov,M,6712 Springview Parkway
782,7,Bryce Chellam,bchellamlp@i2i.jp,M,89 Fulton Avenue
783,5,Brander Pembridge,bpembridgelq@tiny.cc,M,24257 Clyde Gallagher Way
784,9,Elyn Calveley,ecalveleylr@amazonaws.com,M,9 Corry Parkway
785,1,Melodee Frays,mfraysls@topsy.com,F,68656 Erie Point
786,1,Gallagher Josskovitz,gjosskovitzlt@apache.org,M,77 Memorial Park
787,4,Melloney Ginty,mgintylu@microsoft.com,F,557 Pleasure Park
788,10,Leon Bingham,lbinghamlv@cbc.ca,M,27 Holy Cross Junction
789,4,Vonni Labbe,vlabbelw@woothemes.com,M,08368 Dixon Crossing
790,1,Dilly Blaiklock,dblaiklocklx@guardian.co.uk,F,908 Hintze Terrace
791,4,Mel Chaudret,mchaudretly@godaddy.com,M,3740 Luster Hill
792,7,Esther Kemmons,ekemmonslz@springer.com,M,2497 Lien Terrace
793,3,Germain Verchambre,gverchambrem0@omniture.com,F,9 Westend Lane
794,9,Elly Lunnon,elunnonm1@github.io,M,79 Golf Course Court
795,9,Jacquelyn Bernade,jbernadem2@jugem.jp,F,96 Prairieview Hill
796,5,Myrwyn Pydcock,mpydcockm3@ebay.co.uk,F,2140 Vidon Center
797,4,Kiley Fidilis,kfidilism4@google.fr,M,61 Southridge Circle
798,7,Nata Duffill,nduffillm5@telegraph.co.uk,M,1808 Buhler Plaza
799,6,Marion Eden,medenm6@phpbb.com,M,8849 Arrowood Lane
800,6,Cherianne Bard,cbardm7@unicef.org,F,6 Washington Alley
801,2,Vernice Tainton,vtaintonm8@nationalgeographic.com,M,91811 Shoshone Terrace
802,3,Danya Zealy,dzealym9@barnesandnoble.com,M,51257 Johnson Pass
803,8,Blinny Batkin,bbatkinma@ebay.co.uk,M,60836 Red Cloud Way
804,2,Pablo Pluthero,pplutheromb@toplist.cz,M,8756 Haas Trail
805,8,Finley Sharply,fsharplymc@opensource.org,F,515 Village Green Circle
806,7,Karlyn Jindra,kjindramd@xrea.com,M,512 Mosinee Crossing
807,10,Tally Dawdry,tdawdryme@upenn.edu,F,799 Farmco Park
808,6,Vassili Surmeyers,vsurmeyersmf@xinhuanet.com,M,54 Hoffman Avenue
809,4,Reade Daville,rdavillemg@vk.com,M,48 Oxford Hill
810,7,Lyon Scotti,lscottimh@oaic.gov.au,M,29 Mayfield Crossing
811,7,Angelina Buss,abussmi@plala.or.jp,M,16885 Daystar Crossing
812,6,Denis Landsbury,dlandsburymj@reuters.com,M,860 Novick Drive
813,2,Caralie Bramwich,cbramwichmk@bbb.org,F,6573 Talmadge Point
814,9,Gabbey Slyme,gslymeml@dell.com,F,014 Northwestern Pass
815,7,Courtnay Chellam,cchellammm@java.com,M,41714 Maple Wood Center
816,1,Cynthie Manuello,cmanuellomn@tumblr.com,M,5 Manley Junction
817,3,Kerri Kennaird,kkennairdmo@friendfeed.com,M,084 Westend Pass
818,3,Tyson Munro,tmunromp@chronoengine.com,M,565 Bayside Avenue
819,10,Markus Grzelczyk,mgrzelczykmq@walmart.com,M,41301 Gateway Terrace
820,7,Rafael Spillman,rspillmanmr@t.co,F,05 Mayfield Street
821,4,Katine Shoobridge,kshoobridgems@vinaora.com,F,364 Vera Pass
822,2,Isiahi Osgarby,iosgarbymt@theatlantic.com,F,93856 Fordem Parkway
823,2,Erny Burr,eburrmu@fema.gov,M,64 Vahlen Point
824,5,Sol Claussen,sclaussenmv@businessinsider.com,M,1298 Bluejay Center
825,3,Celestine Benkhe,cbenkhemw@tiny.cc,F,2 Moose Point
826,7,Mozes Routhorn,mrouthornmx@symantec.com,M,987 Shopko Avenue
827,8,Helenka Hansman,hhansmanmy@flickr.com,F,9 Maple Wood Crossing
828,10,Oralie Wein,oweinmz@cnn.com,F,59 Arapahoe Way
829,1,Manfred Tournay,mtournayn0@ycombinator.com,F,95 Service Terrace
830,5,Lindsey Thorns,lthornsn1@who.int,M,96 Darwin Crossing
831,9,Avrom Mongan,amongann2@blinklist.com,F,48 Forest Dale Way
832,6,Desmund Aldridge,daldridgen3@purevolume.com,M,342 Portage Court
833,10,Breena Kale,bkalen4@yellowbook.com,F,8854 Miller Pass
834,5,Ruby Crewe,rcrewen5@cnbc.com,M,9903 Hanover Alley
835,2,Alejandrina Dancey,adanceyn6@elpais.com,M,4 Sheridan Place
836,1,Guillermo Cadden,gcaddenn7@jigsy.com,M,84 Lotheville Junction
837,3,Hedy Elloway,hellowayn8@upenn.edu,M,9 Hollow Ridge Parkway
838,7,Kile Belsher,kbelshern9@goodreads.com,F,977 Pawling Parkway
839,7,Conrade McKerton,cmckertonna@ovh.net,F,05667 Knutson Way
840,2,Reinaldos Morstatt,rmorstattnb@springer.com,F,34 Caliangt Circle
841,5,Marissa Readett,mreadettnc@hp.com,F,290 Hoard Court
842,7,Adara Toffalo,atoffalond@npr.org,F,649 Lotheville Way
843,8,Orelia Gravie,ograviene@bloomberg.com,M,53110 Mesta Drive
844,7,Banky Collumbell,bcollumbellnf@cbc.ca,F,7 Pennsylvania Place
845,2,Giovanni Goublier,ggoublierng@unc.edu,F,50875 Fisk Center
846,4,Ardis Ciani,acianinh@constantcontact.com,M,633 Monterey Drive
847,3,Karlotte Stubbington,kstubbingtonni@typepad.com,F,4 Novick Court
848,10,Addia Blacklidge,ablacklidgenj@bravesites.com,F,95 Norway Maple Road
849,5,Colin Bentz,cbentznk@washingtonpost.com,F,87361 Pleasure Circle
850,4,Ignazio Cuskery,icuskerynl@mashable.com,M,58 David Circle
851,5,Maury Rowett,mrowettnm@fotki.com,M,7388 Mccormick Junction
852,7,Terrel Smerdon,tsmerdonnn@disqus.com,M,7 Crescent Oaks Plaza
853,6,Marilin Purvess,mpurvessno@newsvine.com,M,86179 Birchwood Point
854,4,Kurtis Diboll,kdibollnp@cnet.com,F,1171 Northridge Parkway
855,6,Melina Earwicker,mearwickernq@nps.gov,M,86218 Ridgeview Lane
856,10,Halli MacCafferky,hmaccafferkynr@netvibes.com,M,568 Homewood Street
857,6,Jud Burchall,jburchallns@technorati.com,M,65 Merchant Street
858,5,Rickert Gulston,rgulstonnt@behance.net,F,900 Dawn Plaza
859,10,Marie MacMenamie,mmacmenamienu@phoca.cz,F,38836 Little Fleur Alley
860,9,Jermayne Toulmin,jtoulminnv@youtube.com,M,28678 Cambridge Drive
861,8,Hammad O'Donnelly,hodonnellynw@intel.com,M,0 Stephen Court
862,9,Ayn Chate,achatenx@samsung.com,F,551 Hollow Ridge Street
863,1,Eberhard Godson,egodsonny@cam.ac.uk,F,510 Kinsman Park
864,7,Kippy Du Plantier,kdunz@elegantthemes.com,M,29 Barnett Drive
865,5,Joni Salliere,jsalliereo0@histats.com,M,4 Barby Alley
866,6,Quintana McKevitt,qmckevitto1@163.com,F,1 Michigan Crossing
867,2,Michael Cudd,mcuddo2@linkedin.com,F,07646 Boyd Pass
868,5,Annabella Gullane,agullaneo3@issuu.com,F,0 Washington Center
869,4,Ulrikaumeko De Hoogh,udeo4@ning.com,M,5 Hovde Parkway
870,6,Jacquelynn Ahrendsen,jahrendseno5@google.com.br,M,23 Lakewood Gardens Center
871,9,Zared Beckles,zbeckleso6@paypal.com,F,5 Schiller Road
872,5,Cornie Swin,cswino7@ucla.edu,F,8990 Anthes Circle
873,5,Wendi Bracegirdle,wbracegirdleo8@cisco.com,F,37 Fulton Road
874,3,Leslie Simonian,lsimoniano9@stanford.edu,F,1632 Pleasure Way
875,10,Petra Franzetti,pfranzettioa@eventbrite.com,F,64 Stephen Lane
876,2,Toby Simkovitz,tsimkovitzob@example.com,F,9511 Merrick Drive
877,2,Herve Dummer,hdummeroc@geocities.jp,M,72 Dayton Avenue
878,4,Jacquetta Cajkler,jcajklerod@smugmug.com,M,0 Killdeer Crossing
879,6,Paxon Bent,pbentoe@ted.com,F,97892 Pawling Junction
880,10,Vera Meekin,vmeekinof@flickr.com,F,88467 Crescent Oaks Way
881,6,Lula Scoterbosh,lscoterboshog@google.com,F,25032 Havey Parkway
882,6,Melony Gouinlock,mgouinlockoh@ftc.gov,M,73 Ramsey Avenue
883,8,Alma Bantock,abantockoi@bandcamp.com,M,90651 Pepper Wood Alley
884,4,Vic Guidone,vguidoneoj@flavors.me,M,13 Bay Drive
885,8,Ker Bandy,kbandyok@tuttocitta.it,M,040 Meadow Valley Lane
886,4,Julio Gosswell,jgosswellol@wufoo.com,F,86137 Dennis Terrace
887,9,Gothart Keijser,gkeijserom@lulu.com,M,1 Johnson Hill
888,6,Nathanial McGuggy,nmcguggyon@wordpress.org,F,4 Oakridge Plaza
889,8,Leora Roxburch,lroxburchoo@msu.edu,M,73697 Superior Pass
890,9,Pierre Kelk,pkelkop@slashdot.org,M,7718 Grover Point
891,2,Harman Cooney,hcooneyoq@omniture.com,F,38 Elgar Park
892,5,Perry Triggle,ptriggleor@cdbaby.com,M,53 Moose Center
893,10,Alford Domegan,adomeganos@mit.edu,M,69329 Maple Wood Hill
894,5,Madelyn Jurek,mjurekot@ucoz.ru,M,3665 Comanche Plaza
895,8,Jessalin Hairesnape,jhairesnapeou@cloudflare.com,M,75 Mayfield Circle
896,1,Zebedee Berkeley,zberkeleyov@nymag.com,M,35389 Roth Lane
897,8,Jocelin Carnelley,jcarnelleyow@cam.ac.uk,F,21087 Farwell Lane
898,6,Rozella Brunstan,rbrunstanox@ezinearticles.com,M,04644 Oak Pass
899,4,Bette Itscovitz,bitscovitzoy@homestead.com,M,013 Harbort Center
900,10,Holden Spellsworth,hspellsworthoz@histats.com,M,62 Chive Place
901,5,Kylynn Hablet,khabletp0@joomla.org,F,9 Mallory Avenue
902,5,Di MacGill,dmacgillp1@columbia.edu,M,1026 Del Sol Terrace
903,7,Octavia Goldsby,ogoldsbyp2@wiley.com,F,208 Bultman Court
904,7,Charita Dog,cdogp3@miibeian.gov.cn,M,0934 Shopko Trail
905,4,Benedetta Pattie,bpattiep4@about.me,M,80046 Glendale Crossing
906,7,Davy Mardling,dmardlingp5@wsj.com,F,3 Browning Place
907,6,Gray Roycraft,groycraftp6@walmart.com,F,0089 Cardinal Junction
908,9,Walt Sambell,wsambellp7@kickstarter.com,M,53689 Eagle Crest Point
909,2,Joel Torricella,jtorricellap8@over-blog.com,M,46 Spaight Lane
910,8,Sabra Swainson,sswainsonp9@google.ru,M,722 Kropf Crossing
911,10,Galvin Stinton,gstintonpa@hexun.com,M,8 Graceland Street
912,10,Orv Forder,oforderpb@bloglines.com,F,4718 Haas Crossing
913,1,Lauretta O'Cridigan,locridiganpc@pen.io,F,59 Meadow Vale Point
914,2,Bear Torvey,btorveypd@networksolutions.com,F,2723 Starling Place
915,5,Wandie Rosone,wrosonepe@epa.gov,M,30 Cody Plaza
916,2,Pat Salmen,psalmenpf@wufoo.com,M,39 Lien Pass
917,10,Dena Mitcham,dmitchampg@cbsnews.com,M,22322 Union Place
918,10,Irvine Lindenbaum,ilindenbaumph@slideshare.net,M,08125 Butternut Terrace
919,10,Rois Elliman,rellimanpi@networkadvertising.org,M,9 Pankratz Center
920,5,Shane Vlasenkov,svlasenkovpj@dyndns.org,F,72177 Swallow Place
921,5,Franni Pryce,fprycepk@yahoo.com,M,2 Arizona Drive
922,8,Alice Sarfat,asarfatpl@woothemes.com,F,84348 1st Trail
923,2,Cristy Baroche,cbarochepm@plala.or.jp,F,493 Troy Road
924,1,Margaretha Bernasek,mbernasekpn@bloglines.com,M,47 New Castle Drive
925,7,Faber Notman,fnotmanpo@deliciousdays.com,F,091 Sutteridge Circle
926,5,Lyda Potapczuk,lpotapczukpp@msu.edu,M,95 Killdeer Plaza
927,6,Joete Colwill,jcolwillpq@paypal.com,F,34 Rieder Center
928,9,Felice Dowgill,fdowgillpr@mediafire.com,M,8853 Transport Pass
929,4,Alta Benediktovich,abenediktovichps@theguardian.com,M,3243 Green Ridge Crossing
930,4,Rudolf Meaker,rmeakerpt@hatena.ne.jp,F,721 Pleasure Parkway
931,1,Reinwald Blackborow,rblackborowpu@utexas.edu,M,90 Nova Plaza
932,7,Nichole Heeley,nheeleypv@typepad.com,F,11803 Schmedeman Center
933,3,Modestia Wesley,mwesleypw@marriott.com,F,9 Calypso Trail
934,5,Sayre Matherson,smathersonpx@slashdot.org,F,39 Havey Terrace
935,4,Kylila Pimbley,kpimbleypy@paginegialle.it,M,3 Havey Circle
936,8,Ignacius Shevlin,ishevlinpz@jiathis.com,M,75 Vidon Trail
937,9,Berton Adaway,badawayq0@bloomberg.com,M,9 Vera Park
938,5,Astrid Janosevic,ajanosevicq1@time.com,F,3249 Drewry Road
939,3,Hiram Chopy,hchopyq2@networksolutions.com,M,935 6th Center
940,2,Holt Lardez,hlardezq3@studiopress.com,M,00 Nobel Park
941,3,Aleece Nisius,anisiusq4@blogs.com,F,54 Cherokee Place
942,3,Clarinda Slym,cslymq5@wikia.com,F,30 Sunnyside Lane
943,3,Aurlie Burstow,aburstowq6@liveinternet.ru,M,6196 Springview Parkway
944,10,Lurlene Evitt,levittq7@noaa.gov,M,3 Superior Alley
945,10,Keelia Rubinowitch,krubinowitchq8@rambler.ru,F,2773 Golf Circle
946,10,Caleb Nunson,cnunsonq9@home.pl,F,5 Meadow Ridge Avenue
947,6,Dun Fonso,dfonsoqa@miitbeian.gov.cn,M,9855 Mesta Road
948,7,Cheslie Collacombe,ccollacombeqb@deliciousdays.com,F,9 Crownhardt Circle
949,4,Marcelle Joinson,mjoinsonqc@linkedin.com,F,3315 Eastlawn Hill
950,5,Sherwood Mc Andrew,smcqd@squidoo.com,F,47924 Farwell Avenue
951,9,Frederik Moral,fmoralqe@vinaora.com,M,1 Charing Cross Alley
952,7,Arley Barczewski,abarczewskiqf@reference.com,M,632 Quincy Avenue
953,4,Garnette Kullmann,gkullmannqg@webnode.com,F,99 Rowland Street
954,8,Corilla Cazin,ccazinqh@narod.ru,M,7 Mccormick Pass
955,5,Eadie McKendry,emckendryqi@ezinearticles.com,M,58 Meadow Vale Hill
956,3,Marcille Renak,mrenakqj@mediafire.com,F,66351 Porter Parkway
957,8,Anastasie Campany,acampanyqk@cloudflare.com,M,7 Eastwood Drive
958,10,Fernandina Browse,fbrowseql@sourceforge.net,M,641 Superior Alley
959,8,Blanca Skotcher,bskotcherqm@imgur.com,M,76 Cherokee Pass
960,7,Flory Wastell,fwastellqn@fema.gov,F,36875 Sutteridge Plaza
961,8,Hesther Linder,hlinderqo@mail.ru,F,31779 Dayton Point
962,2,Eada Measen,emeasenqp@prweb.com,F,70344 Rutledge Drive
963,9,Dorene Kunzler,dkunzlerqq@oaic.gov.au,F,4 Elmside Avenue
964,2,Garvy Vile,gvileqr@archive.org,F,2564 Melby Circle
965,7,Carlos Bodimeade,cbodimeadeqs@wiley.com,M,41 Chinook Terrace
966,3,Donelle Grombridge,dgrombridgeqt@salon.com,M,9 Stone Corner Parkway
967,3,Rosene Weeds,rweedsqu@google.com.hk,M,8911 Everett Parkway
968,5,Cathy Mellody,cmellodyqv@springer.com,F,0 Moose Way
969,2,Koral Boyfield,kboyfieldqw@google.com.br,F,1424 Old Shore Way
970,5,Aymer Isaacson,aisaacsonqx@wisc.edu,F,45204 Texas Street
971,1,Jeniffer Edelheit,jedelheitqy@boston.com,F,38077 Arapahoe Crossing
972,6,Demetra Heatherington,dheatheringtonqz@bigcartel.com,M,479 Knutson Pass
973,9,Raeann Lemerie,rlemerier0@trellian.com,F,9680 Old Shore Lane
974,8,Marylou Jiran,mjiranr1@un.org,M,09413 Hovde Avenue
975,6,Donelle Howe,dhower2@spiegel.de,M,0030 Waywood Trail
976,7,Jermaine Mitham,jmithamr3@rambler.ru,F,8647 Golf View Junction
977,6,Jeremias Kennet,jkennetr4@google.ru,M,2 Eagle Crest Alley
978,8,Giralda Thouless,gthoulessr5@cbc.ca,F,60308 Cambridge Alley
979,3,Margarethe Perche,mpercher6@wsj.com,M,906 Oxford Park
980,2,Madel Statersfield,mstatersfieldr7@bbb.org,F,76934 West Trail
981,7,Gibb Swift,gswiftr8@usatoday.com,F,4 Fair Oaks Court
982,10,Lynne Troppmann,ltroppmannr9@marriott.com,F,693 Carberry Plaza
983,6,Milt Dusey,mduseyra@fotki.com,M,90 Nancy Crossing
984,4,Raquela Lepoidevin,rlepoidevinrb@scribd.com,M,43 Arrowood Street
985,2,Sidnee Ekkel,sekkelrc@nyu.edu,F,670 Nova Drive
986,3,Amye Yakhin,ayakhinrd@nhs.uk,F,934 Sachtjen Road
987,1,Desdemona Oughton,doughtonre@youtu.be,M,636 Esker Trail
988,3,Horacio D'Oyly,hdoylyrf@fc2.com,M,095 Ridge Oak Junction
989,5,Dionis Suthren,dsuthrenrg@example.com,M,3 Havey Junction
990,6,Wallace Flott,wflottrh@list-manage.com,F,62856 Caliangt Way
991,5,Dorene Durston,ddurstonri@pagesperso-orange.fr,M,55349 Sachs Trail
992,8,Leslie Goford,lgofordrj@whitehouse.gov,F,5571 Longview Hill
993,10,Ashla Philipps,aphilippsrk@gnu.org,M,324 Talisman Pass
994,6,Blisse Daville,bdavillerl@vistaprint.com,M,58 Heffernan Road
995,1,Glennis Niche,gnicherm@google.ca,M,32144 Artisan Hill
996,6,Waneta Osband,wosbandrn@wikipedia.org,M,2350 Linden Place
997,6,Selma Kimbell,skimbellro@woothemes.com,M,44 Eastwood Trail
998,10,Gareth Aers,gaersrp@engadget.com,M,3 Village Green Avenue
999,5,Melesa Stiant,mstiantrq@dion.ne.jp,F,101 Corry Plaza
1000,5,Rivalee Divisek,rdivisekrr@imdb.com,M,2 Hayes Point
